page,link,status
/tosho/yoyaku/gakugai/index.html,/tosho/yoyaku/gakugai/etsurangakugai_e.html,404
/tosho/yoyaku/gakugai/index.html,/tosho/yoyaku/gakugai/shiryoriyo.html,404
/tosho/yoyaku/gakugai/index.html,/tosho/yoyaku/gakugai/kensaku.html,404
/tosho/yoyaku/gakugai/index.html,/tosho/yoyaku/gakugai/kichosho.html,404
/tosho/yoyaku/gakugai/index.html,/tosho/yoyaku/gakugai/kensaku.html,404
/tosho/yoyaku/gakugai/index.html,/tosho/yoyaku/gakugai/shiryoriyo.html,404
/tosho/yoyaku/gakugai/index.html,/tosho/yoyaku/gakugai/kensaku.html,404
/tosho/yoyaku/gakugai/index.html,/tosho/yoyaku/gakugai/shiryoriyo.html#shucchin,404
/tosho/yoyaku/gakugai/index.html,/tosho/yoyaku/gakugai/yoyakugakunai.html,404
/tosho/yoyaku/gakugai/index.html,/tosho/yoyaku/gakugai/toiawase.html,404
/tosho/yoyaku/gakunai/index.html,/tosho/yoyaku/gakunai/kichosho.html,404
/tosho/yoyaku/gakunai/index.html,/tosho/yoyaku/gakunai/kensaku.html,404
/tosho/yoyaku/gakunai/index.html,/tosho/yoyaku/gakunai/shiryoriyo.html,404
/tosho/yoyaku/gakunai/index.html,/tosho/yoyaku/gakunai/kensaku.html,404
/tosho/yoyaku/gakunai/index.html,/tosho/yoyaku/gakunai/toiawase.html,404
/tosho/etsuran/index.html,/tosho/kichosho/,404
/tosho/etsuran/index.html,/tosho/kichosho/,404
/tosho/etsuran/index.html,/tosho/etsuran/yoyakugakunai.html,404
/tosho/etsuran/index.html,/tosho/etsuran/yoyakugakunai.html,404
/tosho/etsuran/kichosho/index.html,/tosho/etsuran/kichosho/kensaku.html,404
/tosho/etsuran/kichosho/index.html,/tosho/etsuran/kichosho/shiryoriyo.html#shucchin,404
/tosho/etsuran/kichosho/index.html,/tosho/etsuran/kichosho/kichosho-f.pdf ,404
/tosho/etsuran/kichosho/index.html,/tosho/etsuran/kichosho/etsurangakunai.html,404
/tosho/etsuran/kichosho/index.html,/tosho/etsuran/kichosho/etsurangakugai.html,404
/tosho/etsuran/kichosho/index.html,/tosho/etsuran/kichosho/kichosho-f.pdf ,404
/tosho/etsuran/gakugai/index.html,/tosho/etsuran/gakugai/shiryoriyo.html,404
/tosho/etsuran/gakugai/index.html,/tosho/kichosho/,404
/tosho/etsuran/gakugai/index.html,/tosho/etsuran/gakugai/shiryoriyo.html,404
/tosho/etsuran/gakugai/index.html,/tosho/etsuran/gakugai/shiryoriyo.html#shucchin,404
/tosho/etsuran/gakunai/index.html,/tosho/etsuran/gakunai/kichosho.html,404
/tosho/etsuran/gakunai/index.html,/tosho/etsuran/gakunai/kensaku.html,404
/tosho/etsuran/gakunai/index.html,/tosho/etsuran/gakunai/shiryoriyo.html,404
/tosho/etsuran/gakunai/index.html,/tosho/etsuran/gakunai/kensaku.html,404
/tosho/etsuran/gakunai/index.html,/tosho/etsuran/gakunai/toiawase.html,404
/tosho/shiryoriyo/index.html,/tosho/shiryoriyo/flowchart.pdf,404
/tosho/shiryoriyo/index.html,/tosho/shiryoriyo/toiawase.html,404
/tosho/shiryoriyo/index.html,/tosho/shiryoriyo/qsheet.pdf,404
/tosho/shiryoriyo/index.html,/tosho/shiryoriyo/qsheets.pdf,404
/tosho/shiryoriyo/index.html,/tosho/shiryoriyo/shodakusho.pdf,404
/tosho/shiryoriyo/index.html,/tosho/shiryoriyo/fukuseinagare4.1.pdf,404
/tosho/shiryoriyo/index.html,/tosho/shiryoriyo/toiawase.html,404
/tosho/shiryoriyo/index.html,/tosho/shiryoriyo/shodakusho.pdf,404
/tosho/shiryoriyo/index.html,/tosho/shiryoriyo/toiawase.html,404
/tosho/shiryoriyo/index.html,/tosho/shiryoriyo/toiawase.html,404
/tosho/shiryoriyo/index.html,/tosho/shiryoriyo/f.copy.pdf,404
/tosho/shiryoriyo/index.html,/tosho/shiryoriyo/f.copy.s.pdf,404
/tosho/shiryoriyo/index.html,/tosho/shiryoriyo/copy.p.pdf,404
/tosho/shiryoriyo/index.html,/tosho/shiryoriyo/toiawae.html,404
/tosho/shiryoriyo/index.html,/tosho/shiryoriyo/qsheet.pdf,404
/tosho/shiryoriyo/index.html,/tosho/shiryoriyo/exhibit_pre.xls,404
/tosho/shiryoriyo/index.html,/tosho/shiryoriyo/exhibit_pre.pdf,404
/tosho/annai/index.html,https://www.hi.u-tokyo.ac.jp/collection/collection01,404
/tosho/toiawase/index.html,/tosho/toiawase/kensaku.html,404
/tosho/toiawase/index.html,/tosho/toiawase/etsuran.html,404
/tosho/toiawase/index.html,/tosho/toiawase/shiryoriyo.html,404
/tosho/toiawase/index.html,/tosho/toiawase/kensaku.html,404
